{"cameraMode":{"drawMode":0,"name":"Shaded","section":"Shading Mode"},"sceneLighting":true,"audioPlay":false,"sceneViewState":{"showFog":false,"showMaterialUpdate":true,"showSkybox":true,"showFlares":false,"showImageEffects":false,"showParticleSystems":true},"in2DMode":false,"pivot":{"x":2547.05517578125,"y":1420.5732421875,"z":1364.61669921875},"rotation":{"x":0.10158351063728333,"y":0.893959105014801,"z":-0.25784704089164736,"w":0.3521977365016937},"size":3736.89697265625,"orthographic":false}